# Dose, decays
2.400000e+01,2.003929e+02
4.800000e+01,2.532312e+02
7.200000e+01,2.883871e+02
9.600000e+01,3.102071e+02
1.200000e+02,2.813959e+02
1.440000e+02,2.847551e+02
